{
    "25": {
        "0": {
            "total_energy": {
                "mean": 2.7646187659818313,
                "std": 0.1866096566557299
            },
            "dynamic_energy": {
                "mean": 0.26722025399517835,
                "std": 0.19993648346212567
            },
            "static_energy": {
                "mean": 2.497398511986653,
                "std": 0.026035373694560167
            },
            "total_power": {
                "mean": 0.23755440000000003,
                "std": 0.01587784726998244
            },
            "dynamic_power": {
                "mean": 0.02295224444444444,
                "std": 0.017151037308643147
            },
            "static_power": {
                "mean": 0.21460215555555556,
                "std": 0.0022846389061201835
            },
            "total_time": {
                "mean": 11.637382776475679,
                "std": 0.018249845344010744
            }
        },
        "1": {
            "total_energy": {
                "mean": 2.826042953855412,
                "std": 0.19894575780698512
            },
            "dynamic_energy": {
                "mean": 0.3267961277986267,
                "std": 0.20923976387311521
            },
            "static_energy": {
                "mean": 2.499246826056785,
                "std": 0.026580409830687338
            },
            "total_power": {
                "mean": 0.24282752173913044,
                "std": 0.01712173550698837
            },
            "dynamic_power": {
                "mean": 0.02808297826086957,
                "std": 0.01797978781309377
            },
            "static_power": {
                "mean": 0.21474454347826089,
                "std": 0.002179182153195389
            },
            "total_time": {
                "mean": 11.638184906041616,
                "std": 0.016135080913840395
            }
        },
        "5": {
            "total_energy": {
                "mean": 2.8319499003078157,
                "std": 0.20426234717346659
            },
            "dynamic_energy": {
                "mean": 0.3336799263985207,
                "std": 0.219116046677849
            },
            "static_energy": {
                "mean": 2.4982699739092946,
                "std": 0.02986838502046304
            },
            "total_power": {
                "mean": 0.24337750000000002,
                "std": 0.017667997223855737
            },
            "dynamic_power": {
                "mean": 0.02868419565217391,
                "std": 0.01884752616176038
            },
            "static_power": {
                "mean": 0.2146933043478261,
                "std": 0.00251032042705764
            },
            "total_time": {
                "mean": 11.636438821739914,
                "std": 0.019160484327110337
            }
        },
        "10": {
            "total_energy": {
                "mean": 2.8162455143240113,
                "std": 0.2022459773752264
            },
            "dynamic_energy": {
                "mean": 0.3193646471406147,
                "std": 0.21876858815005706
            },
            "static_energy": {
                "mean": 2.4968808671833966,
                "std": 0.03259667465092978
            },
            "total_power": {
                "mean": 0.24196891836734694,
                "std": 0.017352137836691484
            },
            "dynamic_power": {
                "mean": 0.027437489795918365,
                "std": 0.018799099368486307
            },
            "static_power": {
                "mean": 0.2145314285714286,
                "std": 0.0027964048931674074
            },
            "total_time": {
                "mean": 11.63877701160296,
                "std": 0.018389472848730437
            }
        },
        "15": {
            "total_energy": {
                "mean": 2.7883734493140966,
                "std": 0.16865055727542763
            },
            "dynamic_energy": {
                "mean": 0.28922962279426684,
                "std": 0.1850556763004661
            },
            "static_energy": {
                "mean": 2.4991438265198296,
                "std": 0.02768254751670627
            },
            "total_power": {
                "mean": 0.2397168510638298,
                "std": 0.014553610164066005
            },
            "dynamic_power": {
                "mean": 0.024868787234042553,
                "std": 0.015928563512500174
            },
            "static_power": {
                "mean": 0.21484806382978727,
                "std": 0.0022675553844300404
            },
            "total_time": {
                "mean": 11.632089881688183,
                "std": 0.016430567430732727
            }
        },
        "20": {
            "total_energy": {
                "mean": 2.8474222687681787,
                "std": 0.16794544884660598
            },
            "dynamic_energy": {
                "mean": 0.35768908685702944,
                "std": 0.18318120962760193
            },
            "static_energy": {
                "mean": 2.4897331819111495,
                "std": 0.03077707628533535
            },
            "total_power": {
                "mean": 0.24464082222222225,
                "std": 0.014426704552151254
            },
            "dynamic_power": {
                "mean": 0.03073282222222222,
                "std": 0.015739325980611448
            },
            "static_power": {
                "mean": 0.213908,
                "std": 0.0025258830447104155
            },
            "total_time": {
                "mean": 11.63921367506081,
                "std": 0.021908199733302727
            }
        }
    },
    "50": {
        "0": {
            "total_energy": {
                "mean": 2.791203153174586,
                "std": 0.1725323370831604
            },
            "dynamic_energy": {
                "mean": 0.3167534986598539,
                "std": 0.18202477644958143
            },
            "static_energy": {
                "mean": 2.474449654514732,
                "std": 0.02353301270446648
            },
            "total_power": {
                "mean": 0.23980804761904764,
                "std": 0.014782299742069871
            },
            "dynamic_power": {
                "mean": 0.027211738095238094,
                "std": 0.015632418003043613
            },
            "static_power": {
                "mean": 0.21259630952380953,
                "std": 0.0020423913095530648
            },
            "total_time": {
                "mean": 11.639218619837314,
                "std": 0.018137807690449977
            }
        },
        "1": {
            "total_energy": {
                "mean": 2.7494358978743034,
                "std": 0.1970031146540318
            },
            "dynamic_energy": {
                "mean": 0.26885605164987547,
                "std": 0.21196041978519764
            },
            "static_energy": {
                "mean": 2.4805798462244284,
                "std": 0.02795210386745703
            },
            "total_power": {
                "mean": 0.23615863414634145,
                "std": 0.01691126610303364
            },
            "dynamic_power": {
                "mean": 0.02309175609756097,
                "std": 0.0182024157747831
            },
            "static_power": {
                "mean": 0.2130668780487805,
                "std": 0.0024618253905223622
            },
            "total_time": {
                "mean": 11.642313649506487,
                "std": 0.01998714116937691
            }
        },
        "5": {
            "total_energy": {
                "mean": 2.8264872744324103,
                "std": 0.2297395800392746
            },
            "dynamic_energy": {
                "mean": 0.3610635808176401,
                "std": 0.2507729359907048
            },